{"format": "layers-model", "generatedBy": "keras v3.3.3", "convertedBy": "TensorFlow.js Converter v4.22.0", "modelTopology": {"keras_version": "3.3.3", "backend": "tensorflow", "model_config": {"class_name": "Sequential", "config": {"name": "sequential", "trainable": true, "dtype": "float32", "layers": [{"class_name": "InputLayer", "config": {"batch_shape": [null, 128, 128, 3], "dtype": "float32", "sparse": false, "name": "input_layer_1"}}, {"class_name": "Functional", "config": {"name": "vgg16", "trainable": false, "layers": [{"class_name": "InputLayer", "config": {"batch_shape": [null, 128, 128, 3], "dtype": "float32", "sparse": false, "name": "input_layer"}, "name": "input_layer", "inbound_nodes": []}, {"class_name": "Conv2D", "config": {"name": "block1_conv1", "trainable": false, "dtype": "float32", "filters": 64, "kernel_size": [3, 3], "strides": [1, 1], "padding": "same", "data_format": "channels_last", "dilation_rate": [1, 1], "groups": 1, "activation": "relu", "use_bias": true, "kernel_initializer": {"module": "keras.initializers", "class_name": "GlorotUniform", "config": {"seed": null}, "registered_name": null}, "bias_initializer": {"module": "keras.initializers", "class_name": "Zeros", "config": {}, "registered_name": null}, "kernel_regularizer": null, "bias_regularizer": null, "activity_regularizer": null, "kernel_constraint": null, "bias_constraint": null}, "name": "block1_conv1", "inbound_nodes": [{"args": [{"class_name": "__keras_tensor__", "config": {"shape": [null, 128, 128, 3], "dtype": "float32", "keras_history": ["input_layer", 0, 0]}}], "kwargs": {}}]}, {"class_name": "Conv2D", "config": {"name": "block1_conv2", "trainable": false, "dtype": "float32", "filters": 64, "kernel_size": [3, 3], "strides": [1, 1], "padding": "same", "data_format": "channels_last", "dilation_rate": [1, 1], "groups": 1, "activation": "relu", "use_bias": true, "kernel_initializer": {"module": "keras.initializers", "class_name": "GlorotUniform", "config": {"seed": null}, "registered_name": null}, "bias_initializer": {"module": "keras.initializers", "class_name": "Zeros", "config": {}, "registered_name": null}, "kernel_regularizer": null, "bias_regularizer": null, "activity_regularizer": null, "kernel_constraint": null, "bias_constraint": null}, "name": "block1_conv2", "inbound_nodes": [{"args": [{"class_name": "__keras_tensor__", "config": {"shape": [null, 128, 128, 64], "dtype": "float32", "keras_history": ["block1_conv1", 0, 0]}}], "kwargs": {}}]}, {"class_name": "MaxPooling2D", "config": {"name": "block1_pool", "trainable": false, "dtype": "float32", "pool_size": [2, 2], "padding": "valid", "strides": [2, 2], "data_format": "channels_last"}, "name": "block1_pool", "inbound_nodes": [{"args": [{"class_name": "__keras_tensor__", "config": {"shape": [null, 128, 128, 64], "dtype": "float32", "keras_history": ["block1_conv2", 0, 0]}}], "kwargs": {}}]}, {"class_name": "Conv2D", "config": {"name": "block2_conv1", "trainable": false, "dtype": "float32", "filters": 128, "kernel_size": [3, 3], "strides": [1, 1], "padding": "same", "data_format": "channels_last", "dilation_rate": [1, 1], "groups": 1, "activation": "relu", "use_bias": true, "kernel_initializer": {"module": "keras.initializers", "class_name": "GlorotUniform", "config": {"seed": null}, "registered_name": null}, "bias_initializer": {"module": "keras.initializers", "class_name": "Zeros", "config": {}, "registered_name": null}, "kernel_regularizer": null, "bias_regularizer": null, "activity_regularizer": null, "kernel_constraint": null, "bias_constraint": null}, "name": "block2_conv1", "inbound_nodes": [{"args": [{"class_name": "__keras_tensor__", "config": {"shape": [null, 64, 64, 64], "dtype": "float32", "keras_history": ["block1_pool", 0, 0]}}], "kwargs": {}}]}, {"class_name": "Conv2D", "config": {"name": "block2_conv2", "trainable": false, "dtype": "float32", "filters": 128, "kernel_size": [3, 3], "strides": [1, 1], "padding": "same", "data_format": "channels_last", "dilation_rate": [1, 1], "groups": 1, "activation": "relu", "use_bias": true, "kernel_initializer": {"module": "keras.initializers", "class_name": "GlorotUniform", "config": {"seed": null}, "registered_name": null}, "bias_initializer": {"module": "keras.initializers", "class_name": "Zeros", "config": {}, "registered_name": null}, "kernel_regularizer": null, "bias_regularizer": null, "activity_regularizer": null, "kernel_constraint": null, "bias_constraint": null}, "name": "block2_conv2", "inbound_nodes": [{"args": [{"class_name": "__keras_tensor__", "config": {"shape": [null, 64, 64, 128], "dtype": "float32", "keras_history": ["block2_conv1", 0, 0]}}], "kwargs": {}}]}, {"class_name": "MaxPooling2D", "config": {"name": "block2_pool", "trainable": false, "dtype": "float32", "pool_size": [2, 2], "padding": "valid", "strides": [2, 2], "data_format": "channels_last"}, "name": "block2_pool", "inbound_nodes": [{"args": [{"class_name": "__keras_tensor__", "config": {"shape": [null, 64, 64, 128], "dtype": "float32", "keras_history": ["block2_conv2", 0, 0]}}], "kwargs": {}}]}, {"class_name": "Conv2D", "config": {"name": "block3_conv1", "trainable": false, "dtype": "float32", "filters": 256, "kernel_size": [3, 3], "strides": [1, 1], "padding": "same", "data_format": "channels_last", "dilation_rate": [1, 1], "groups": 1, "activation": "relu", "use_bias": true, "kernel_initializer": {"module": "keras.initializers", "class_name": "GlorotUniform", "config": {"seed": null}, "registered_name": null}, "bias_initializer": {"module": "keras.initializers", "class_name": "Zeros", "config": {}, "registered_name": null}, "kernel_regularizer": null, "bias_regularizer": null, "activity_regularizer": null, "kernel_constraint": null, "bias_constraint": null}, "name": "block3_conv1", "inbound_nodes": [{"args": [{"class_name": "__keras_tensor__", "config": {"shape": [null, 32, 32, 128], "dtype": "float32", "keras_history": ["block2_pool", 0, 0]}}], "kwargs": {}}]}, {"class_name": "Conv2D", "config": {"name": "block3_conv2", "trainable": false, "dtype": "float32", "filters": 256, "kernel_size": [3, 3], "strides": [1, 1], "padding": "same", "data_format": "channels_last", "dilation_rate": [1, 1], "groups": 1, "activation": "relu", "use_bias": true, "kernel_initializer": {"module": "keras.initializers", "class_name": "GlorotUniform", "config": {"seed": null}, "registered_name": null}, "bias_initializer": {"module": "keras.initializers", "class_name": "Zeros", "config": {}, "registered_name": null}, "kernel_regularizer": null, "bias_regularizer": null, "activity_regularizer": null, "kernel_constraint": null, "bias_constraint": null}, "name": "block3_conv2", "inbound_nodes": [{"args": [{"class_name": "__keras_tensor__", "config": {"shape": [null, 32, 32, 256], "dtype": "float32", "keras_history": ["block3_conv1", 0, 0]}}], "kwargs": {}}]}, {"class_name": "Conv2D", "config": {"name": "block3_conv3", "trainable": false, "dtype": "float32", "filters": 256, "kernel_size": [3, 3], "strides": [1, 1], "padding": "same", "data_format": "channels_last", "dilation_rate": [1, 1], "groups": 1, "activation": "relu", "use_bias": true, "kernel_initializer": {"module": "keras.initializers", "class_name": "GlorotUniform", "config": {"seed": null}, "registered_name": null}, "bias_initializer": {"module": "keras.initializers", "class_name": "Zeros", "config": {}, "registered_name": null}, "kernel_regularizer": null, "bias_regularizer": null, "activity_regularizer": null, "kernel_constraint": null, "bias_constraint": null}, "name": "block3_conv3", "inbound_nodes": [{"args": [{"class_name": "__keras_tensor__", "config": {"shape": [null, 32, 32, 256], "dtype": "float32", "keras_history": ["block3_conv2", 0, 0]}}], "kwargs": {}}]}, {"class_name": "MaxPooling2D", "config": {"name": "block3_pool", "trainable": false, "dtype": "float32", "pool_size": [2, 2], "padding": "valid", "strides": [2, 2], "data_format": "channels_last"}, "name": "block3_pool", "inbound_nodes": [{"args": [{"class_name": "__keras_tensor__", "config": {"shape": [null, 32, 32, 256], "dtype": "float32", "keras_history": ["block3_conv3", 0, 0]}}], "kwargs": {}}]}, {"class_name": "Conv2D", "config": {"name": "block4_conv1", "trainable": false, "dtype": "float32", "filters": 512, "kernel_size": [3, 3], "strides": [1, 1], "padding": "same", "data_format": "channels_last", "dilation_rate": [1, 1], "groups": 1, "activation": "relu", "use_bias": true, "kernel_initializer": {"module": "keras.initializers", "class_name": "GlorotUniform", "config": {"seed": null}, "registered_name": null}, "bias_initializer": {"module": "keras.initializers", "class_name": "Zeros", "config": {}, "registered_name": null}, "kernel_regularizer": null, "bias_regularizer": null, "activity_regularizer": null, "kernel_constraint": null, "bias_constraint": null}, "name": "block4_conv1", "inbound_nodes": [{"args": [{"class_name": "__keras_tensor__", "config": {"shape": [null, 16, 16, 256], "dtype": "float32", "keras_history": ["block3_pool", 0, 0]}}], "kwargs": {}}]}, {"class_name": "Conv2D", "config": {"name": "block4_conv2", "trainable": false, "dtype": "float32", "filters": 512, "kernel_size": [3, 3], "strides": [1, 1], "padding": "same", "data_format": "channels_last", "dilation_rate": [1, 1], "groups": 1, "activation": "relu", "use_bias": true, "kernel_initializer": {"module": "keras.initializers", "class_name": "GlorotUniform", "config": {"seed": null}, "registered_name": null}, "bias_initializer": {"module": "keras.initializers", "class_name": "Zeros", "config": {}, "registered_name": null}, "kernel_regularizer": null, "bias_regularizer": null, "activity_regularizer": null, "kernel_constraint": null, "bias_constraint": null}, "name": "block4_conv2", "inbound_nodes": [{"args": [{"class_name": "__keras_tensor__", "config": {"shape": [null, 16, 16, 512], "dtype": "float32", "keras_history": ["block4_conv1", 0, 0]}}], "kwargs": {}}]}, {"class_name": "Conv2D", "config": {"name": "block4_conv3", "trainable": false, "dtype": "float32", "filters": 512, "kernel_size": [3, 3], "strides": [1, 1], "padding": "same", "data_format": "channels_last", "dilation_rate": [1, 1], "groups": 1, "activation": "relu", "use_bias": true, "kernel_initializer": {"module": "keras.initializers", "class_name": "GlorotUniform", "config": {"seed": null}, "registered_name": null}, "bias_initializer": {"module": "keras.initializers", "class_name": "Zeros", "config": {}, "registered_name": null}, "kernel_regularizer": null, "bias_regularizer": null, "activity_regularizer": null, "kernel_constraint": null, "bias_constraint": null}, "name": "block4_conv3", "inbound_nodes": [{"args": [{"class_name": "__keras_tensor__", "config": {"shape": [null, 16, 16, 512], "dtype": "float32", "keras_history": ["block4_conv2", 0, 0]}}], "kwargs": {}}]}, {"class_name": "MaxPooling2D", "config": {"name": "block4_pool", "trainable": false, "dtype": "float32", "pool_size": [2, 2], "padding": "valid", "strides": [2, 2], "data_format": "channels_last"}, "name": "block4_pool", "inbound_nodes": [{"args": [{"class_name": "__keras_tensor__", "config": {"shape": [null, 16, 16, 512], "dtype": "float32", "keras_history": ["block4_conv3", 0, 0]}}], "kwargs": {}}]}, {"class_name": "Conv2D", "config": {"name": "block5_conv1", "trainable": false, "dtype": "float32", "filters": 512, "kernel_size": [3, 3], "strides": [1, 1], "padding": "same", "data_format": "channels_last", "dilation_rate": [1, 1], "groups": 1, "activation": "relu", "use_bias": true, "kernel_initializer": {"module": "keras.initializers", "class_name": "GlorotUniform", "config": {"seed": null}, "registered_name": null}, "bias_initializer": {"module": "keras.initializers", "class_name": "Zeros", "config": {}, "registered_name": null}, "kernel_regularizer": null, "bias_regularizer": null, "activity_regularizer": null, "kernel_constraint": null, "bias_constraint": null}, "name": "block5_conv1", "inbound_nodes": [{"args": [{"class_name": "__keras_tensor__", "config": {"shape": [null, 8, 8, 512], "dtype": "float32", "keras_history": ["block4_pool", 0, 0]}}], "kwargs": {}}]}, {"class_name": "Conv2D", "config": {"name": "block5_conv2", "trainable": false, "dtype": "float32", "filters": 512, "kernel_size": [3, 3], "strides": [1, 1], "padding": "same", "data_format": "channels_last", "dilation_rate": [1, 1], "groups": 1, "activation": "relu", "use_bias": true, "kernel_initializer": {"module": "keras.initializers", "class_name": "GlorotUniform", "config": {"seed": null}, "registered_name": null}, "bias_initializer": {"module": "keras.initializers", "class_name": "Zeros", "config": {}, "registered_name": null}, "kernel_regularizer": null, "bias_regularizer": null, "activity_regularizer": null, "kernel_constraint": null, "bias_constraint": null}, "name": "block5_conv2", "inbound_nodes": [{"args": [{"class_name": "__keras_tensor__", "config": {"shape": [null, 8, 8, 512], "dtype": "float32", "keras_history": ["block5_conv1", 0, 0]}}], "kwargs": {}}]}, {"class_name": "Conv2D", "config": {"name": "block5_conv3", "trainable": false, "dtype": "float32", "filters": 512, "kernel_size": [3, 3], "strides": [1, 1], "padding": "same", "data_format": "channels_last", "dilation_rate": [1, 1], "groups": 1, "activation": "relu", "use_bias": true, "kernel_initializer": {"module": "keras.initializers", "class_name": "GlorotUniform", "config": {"seed": null}, "registered_name": null}, "bias_initializer": {"module": "keras.initializers", "class_name": "Zeros", "config": {}, "registered_name": null}, "kernel_regularizer": null, "bias_regularizer": null, "activity_regularizer": null, "kernel_constraint": null, "bias_constraint": null}, "name": "block5_conv3", "inbound_nodes": [{"args": [{"class_name": "__keras_tensor__", "config": {"shape": [null, 8, 8, 512], "dtype": "float32", "keras_history": ["block5_conv2", 0, 0]}}], "kwargs": {}}]}, {"class_name": "MaxPooling2D", "config": {"name": "block5_pool", "trainable": false, "dtype": "float32", "pool_size": [2, 2], "padding": "valid", "strides": [2, 2], "data_format": "channels_last"}, "name": "block5_pool", "inbound_nodes": [{"args": [{"class_name": "__keras_tensor__", "config": {"shape": [null, 8, 8, 512], "dtype": "float32", "keras_history": ["block5_conv3", 0, 0]}}], "kwargs": {}}]}], "input_layers": [["input_layer", 0, 0]], "output_layers": [["block5_pool", 0, 0]]}}, {"class_name": "Flatten", "config": {"name": "flatten", "trainable": true, "dtype": "float32", "data_format": "channels_last"}}, {"class_name": "Dense", "config": {"name": "dense", "trainable": true, "dtype": "float32", "units": 512, "activation": "relu", "use_bias": true, "kernel_initializer": {"module": "keras.initializers", "class_name": "GlorotUniform", "config": {"seed": null}, "registered_name": null}, "bias_initializer": {"module": "keras.initializers", "class_name": "Zeros", "config": {}, "registered_name": null}, "kernel_regularizer": null, "bias_regularizer": null, "kernel_constraint": null, "bias_constraint": null}}, {"class_name": "Dropout", "config": {"name": "dropout", "trainable": true, "dtype": "float32", "rate": 0.5, "seed": null, "noise_shape": null}}, {"class_name": "Dense", "config": {"name": "dense_1", "trainable": true, "dtype": "float32", "units": 42, "activation": "softmax", "use_bias": true, "kernel_initializer": {"module": "keras.initializers", "class_name": "GlorotUniform", "config": {"seed": null}, "registered_name": null}, "bias_initializer": {"module": "keras.initializers", "class_name": "Zeros", "config": {}, "registered_name": null}, "kernel_regularizer": null, "bias_regularizer": null, "kernel_constraint": null, "bias_constraint": null}}], "build_input_shape": [null, 128, 128, 3]}}, "training_config": {"loss": "categorical_crossentropy", "loss_weights": null, "metrics": ["accuracy"], "weighted_metrics": null, "run_eagerly": false, "steps_per_execution": 1, "jit_compile": true, "optimizer_config": {"class_name": "Adam", "config": {"name": "adam", "learning_rate": 4.0000002627493814e-05, "weight_decay": null, "clipnorm": null, "global_clipnorm": null, "clipvalue": null, "use_ema": false, "ema_momentum": 0.99, "ema_overwrite_frequency": null, "loss_scale_factor": null, "gradient_accumulation_steps": null, "beta_1": 0.9, "beta_2": 0.999, "epsilon": 1e-07, "amsgrad": false}}}}, "weightsManifest": [{"paths": ["group1-shard1of19.bin", "group1-shard2of19.bin", "group1-shard3of19.bin", "group1-shard4of19.bin", "group1-shard5of19.bin", "group1-shard6of19.bin", "group1-shard7of19.bin", "group1-shard8of19.bin", "group1-shard9of19.bin", "group1-shard10of19.bin", "group1-shard11of19.bin", "group1-shard12of19.bin", "group1-shard13of19.bin", "group1-shard14of19.bin", "group1-shard15of19.bin", "group1-shard16of19.bin", "group1-shard17of19.bin", "group1-shard18of19.bin", "group1-shard19of19.bin"], "weights": [{"name": "sequential/dense/kernel", "shape": [8192, 512], "dtype": "float32"}, {"name": "sequential/dense/bias", "shape": [512], "dtype": "float32"}, {"name": "sequential/dense_1/kernel", "shape": [512, 42], "dtype": "float32"}, {"name": "sequential/dense_1/bias", "shape": [42], "dtype": "float32"}, {"name": "block1_conv1/kernel", "shape": [3, 3, 3, 64], "dtype": "float32"}, {"name": "block1_conv1/bias", "shape": [64], "dtype": "float32"}, {"name": "block1_conv2/kernel", "shape": [3, 3, 64, 64], "dtype": "float32"}, {"name": "block1_conv2/bias", "shape": [64], "dtype": "float32"}, {"name": "block2_conv1/kernel", "shape": [3, 3, 64, 128], "dtype": "float32"}, {"name": "block2_conv1/bias", "shape": [128], "dtype": "float32"}, {"name": "block2_conv2/kernel", "shape": [3, 3, 128, 128], "dtype": "float32"}, {"name": "block2_conv2/bias", "shape": [128], "dtype": "float32"}, {"name": "block3_conv1/kernel", "shape": [3, 3, 128, 256], "dtype": "float32"}, {"name": "block3_conv1/bias", "shape": [256], "dtype": "float32"}, {"name": "block3_conv2/kernel", "shape": [3, 3, 256, 256], "dtype": "float32"}, {"name": "block3_conv2/bias", "shape": [256], "dtype": "float32"}, {"name": "block3_conv3/kernel", "shape": [3, 3, 256, 256], "dtype": "float32"}, {"name": "block3_conv3/bias", "shape": [256], "dtype": "float32"}, {"name": "block4_conv1/kernel", "shape": [3, 3, 256, 512], "dtype": "float32"}, {"name": "block4_conv1/bias", "shape": [512], "dtype": "float32"}, {"name": "block4_conv2/kernel", "shape": [3, 3, 512, 512], "dtype": "float32"}, {"name": "block4_conv2/bias", "shape": [512], "dtype": "float32"}, {"name": "block4_conv3/kernel", "shape": [3, 3, 512, 512], "dtype": "float32"}, {"name": "block4_conv3/bias", "shape": [512], "dtype": "float32"}, {"name": "block5_conv1/kernel", "shape": [3, 3, 512, 512], "dtype": "float32"}, {"name": "block5_conv1/bias", "shape": [512], "dtype": "float32"}, {"name": "block5_conv2/kernel", "shape": [3, 3, 512, 512], "dtype": "float32"}, {"name": "block5_conv2/bias", "shape": [512], "dtype": "float32"}, {"name": "block5_conv3/kernel", "shape": [3, 3, 512, 512], "dtype": "float32"}, {"name": "block5_conv3/bias", "shape": [512], "dtype": "float32"}]}]}